POLE1,POLE2
1001,1815
1001,1881
1001,2071
1002,1861
1002,1939
1003,1860
1003,1878
1004,1908
1004,1945
1004,2061
1005,1930
1005,1980
1005,2095
1006,1894
1006,2062
1007,1836
1007,1934
1008,1830
1008,1899
1008,2037
1009,1880
1009,2019
1010,1840
1010,1869
1010,2075
1011,1858
1011,1972
1012,1831
1012,1852
1012,2066
1013,1921
1013,1981
1014,1853
1014,1964
1014,2067
1015,1832
1015,1857
1015,2084
1016,1817
1016,1959
1016,1998
1017,1862
1017,1870
1017,2094
1018,1920
1018,1988
1018,1991
1019,1895
1019,1898
1019,1963
1020,1946
1020,1961
1021,1911
1021,1935
1021,1993
1022,1890
1022,1986
1022,2010
1023,1910
1023,2005
1023,2096
1024,1915
1024,1990
1025,1833
1025,1922
1026,1902
1026,1979
1026,2086
1027,1888
1027,1943
1027,2038
1028,1957
1028,2101
1029,1928
1029,1992
1029,2097
1030,1835
1030,1885
1030,1960
1031,1923
1031,2078
1032,1868
1032,1954
1033,1886
1033,1932
1034,382
1034,391
1034,676
1034,685
1035,279
1035,581
1035,700
1035,742
1036,393
1036,438
1036,599
1037,411
1037,485
1037,584
1038,246
1038,280
1038,605
1038,703
1039,249
1039,619
1039,684
1040,361
1040,673
1040,717
1041,420
1041,443
1041,494
1042,555
1042,740
1042,745
1043,414
1043,482
1043,624
1044,236
1044,449
1044,687
1045,301
1045,397
1045,634
1046,258
1046,448
1046,731
1047,403
1047,574
1047,655
1047,674
1048,359
1048,457
1048,638
1049,267
1049,640
1049,738
1050,386
1050,454
1050,641
1051,302
1051,572
1051,645
1052,460
1052,559
1052,689
1053,338
1053,533
1053,630
1054,415
1054,464
1054,575
1055,349
1055,513
1055,669
1056,299
1056,476
1056,707
1057,223
1057,254
1057,569
1057,643
1058,281
1058,373
1058,474
1059,229
1059,265
1059,659
1060,288
1060,345
1060,396
1061,304
1061,365
1061,465
1061,602
1062,269
1062,388
1062,648
1063,285
1063,372
1063,486
1064,351
1064,378
1064,670
1064,744
1065,297
1065,363
1065,461
1066,320
1066,488
1066,646
1067,459
1067,563
1067,675
1068,250
1068,385
1068,642
1068,701
1069,470
1069,509
1069,614
1070,491
1070,500
1070,672
1071,237
1071,387
1071,615
1071,708
1072,483
1072,507
1072,560
1073,268
1073,322
1073,652
1073,714
1074,2249
1074,2517
1074,2558
1075,2111
1075,2121
1075,2252
1075,2436
1076,2532
1076,2567
1076,2732
1077,2556
1077,2715
1077,2765
1077,2775
1078,2536
1078,2570
1078,2629
1078,2924
1079,2546
1079,2549
1079,2968
1080,2116
1080,2165
1080,2360
1080,2437
1081,2120
1081,2168
1081,2216
1081,2467
1082,2149
1082,2187
1082,2221
1082,2449
1083,2535
1083,2548
1083,2586
1083,2895
1084,2235
1084,2239
1084,2362
1084,2438
1085,2547
1085,2611
1085,2625
1086,2568
1086,2575
1086,2648
1086,2778
1087,2518
1087,2621
1087,2687
1088,2424
1088,2539
1088,2592
1089,2564
1089,2580
1089,2651
1090,2590
1090,2635
1090,2653
1091,2128
1091,2246
1091,2370
1091,2441
1092,2508
1092,2563
1092,2908
1093,2530
1093,2634
1093,2777
1094,2559
1094,2691
1094,2848
1094,2960
1095,2129
1095,2206
1095,2452
1095,2667
1096,2178
1096,2247
1096,2289
1096,2455
1097,2619
1097,2650
1097,2757
1097,2779
1098,2189
1098,2205
1098,2297
1098,2453
1099,2585
1099,2679
1099,2733
1099,2937
1100,2626
1100,2654
1100,2849
1100,2979
1101,2573
1101,2730
1101,2794
1101,2959
1102,2231
1102,2250
1102,2286
1102,2454
1103,2253
1103,2255
1103,2269
1103,2460
1104,2214
1104,2256
1104,2281
1104,2551
1105,2525
1105,2731
1105,2930
1105,2975
1106,2323
1106,2335
1106,2399
1106,2456
1107,2427
1107,2574
1107,2752
1107,3006
1108,2163
1108,2345
1108,2466
1108,2500
1109,2327
1109,2472
1109,2475
1109,2657
1110,2143
1110,2391
1110,2479
1110,2652
1111,2298
1111,2357
1111,2543
1111,2695
1112,2637
1112,2647
1112,2692
1112,2969
1113,2429
1113,2480
1113,2496
1113,2713
1114,2612
1114,2636
1114,2770
1114,2971
1115,2359
1115,2401
1115,2481
1115,2718
1116,2609
1116,2639
1116,2798
1116,2815
1117,2270
1117,2482
1117,2515
1117,2724
1118,2398
1118,2425
1118,2557
1118,2740
1119,2274
1119,2483
1119,2537
1119,2857
1120,2418
1120,2459
1120,2529
1120,2865
1121,2273
1121,2477
1121,2524
1121,2879
1122,2146
1122,2446
1122,2542
1122,2928
1123,2617
1123,2640
1123,2809
1123,2816
1124,3058
1124,3098
1125,3072
1125,3075
1126,3054
1126,3073
1127,3023
1127,3082
1128,3071
1128,3084
1129,3027
1130,3047
1131,3034
1132,3056
1133,3030
1133,3053
1134,3039
1134,3040
1135,3015
1136,3061
1136,3085
1137,3093
1138,958
1138,972
1139,932
1139,979
1140,928
1140,960
1141,952
1141,953
1142,951
1142,996
1143,997
1144,926
1145,939
1146,925
1147,923
1147,985
1148,934
1148,964
1149,983
1149,989
1150,935
1150,955
1151,1046
1151,1052
1152,1018
1152,1064
1153,1030
1153,1091
1154,1053
1155,1033
1156,1009
1156,1032
1157,1037
1157,1085
1158,1022
1158,1086
1159,1047
1159,1062
1160,1013
1161,1061
1162,1050
1162,1076
1163,1134
1163,1164
1163,1169
1163,1247
1164,1244
1164,1280
1164,1292
1165,1171
1165,1201
1165,1204
1165,1253
1166,1097
1166,1161
1166,1225
1166,1266
1167,1135
1167,1209
1167,1250
1167,1283
1168,1101
1168,1166
1168,1270
1169,1121
1169,1159
1169,1275
1169,1291
1170,1120
1170,1124
1170,1140
1170,1154
1171,1119
1171,1221
1171,1273
1171,1290
1172,1116
1172,1158
1172,1192
1172,1258
1173,1133
1173,1136
1173,1185
1173,1238
1174,1128
1174,1138
1174,1187
1174,1264
1175,1125
1175,1147
1175,1239
1175,1285
1176,1144
1176,1153
1176,1188
1176,1234
1177,860
1177,880
1177,888
1178,764
1178,773
1178,852
1179,788
1179,799
1179,862
1180,778
1180,870
1181,747
1181,848
1181,903
1181,914
1182,779
1182,843
1182,916
1183,771
1183,835
1183,858
1184,798
1184,895
1185,769
1185,892
1186,839
1186,844
1186,917
1187,807
1187,911
1188,811
1188,859
1189,884
1189,893
1189,894
1190,79
1190,107
1190,148
1190,171
1190,189
1190,200
1190,205
1190,218
1191,30
1191,43
1191,90
1191,106
1191,166
1191,185
1191,190
1191,206
1192,31
1192,70
1192,74
1192,146
1192,161
1192,197
1192,209
1192,213
1193,85
1193,100
1193,121
1193,129
1193,159
1193,164
1194,34
1194,67
1194,80
1194,109
1194,116
1194,173
1194,219
1195,40
1195,81
1195,122
1195,140
1195,170
1195,181
1195,193
1195,210
1196,41
1196,68
1196,114
1196,127
1196,169
1196,211
1196,220
1197,42
1197,73
1197,96
1197,115
1197,149
1197,162
1197,216
1198,32
1198,37
1198,78
1198,94
1198,117
1198,179
1198,191
1198,212
1199,83
1199,92
1199,104
1199,119
1199,124
1199,132
1199,167
1199,215
1200,103
1200,128
1200,137
1200,154
1200,184
1201,59
1201,64
1201,151
1201,157
1201,165
1201,182
1201,201
1202,76
1202,77
1202,91
1202,118
1202,177
1202,198
1202,202
1203,82
1203,108
1203,155
1203,158
1203,196
1203,203
1501,1251
1501,1264
1501,1433
1501,1470
1502,1258
1502,1273
1502,1354
1502,1457
1503,1283
1503,1287
1503,1415
1503,1464
1504,1249
1504,1294
1504,1456
1504,1495
1505,1352
1505,1475
1505,1506
1506,1252
1506,1314
1506,1409
1507,1271
1507,1404
1507,1458
1508,1300
1508,1330
1508,1372
1509,1325
1509,1347
1509,1417
1510,1303
1510,1356
1510,1477
1511,1307
1511,1328
1511,1383
1512,1296
1512,1416
1512,1447
1513,1274
1513,1338
1513,1357
1514,1359
1514,1419
1514,1422
1515,1302
1515,1376
1515,1427
1516,1281
1516,1282
1516,1318
1516,1507
1517,1355
1517,1410
1517,1505
1518,1301
1518,1451
1518,1503
1519,1304
1519,1460
1519,1481
1520,1358
1520,1378
1520,1508
1521,1245
1521,1317
1521,1432
1522,1278
1522,1286
1522,1430
1523,1293
1523,1369
1523,1468
1524,1246
1524,1384
1524,1469
1525,1371
1525,1421
1525,1486
1526,1522
1526,1652
1526,1737
1527,1520
1527,1615
1527,1626
1528,1582
1528,1613
1529,1598
1529,1765
1530,1625
1530,1769
1531,1523
1531,1691
1531,1772
1532,1534
1532,1692
1532,1738
1533,1658
1533,1675
1534,1535
1534,1677
1534,1756
1535,1521
1535,1542
1535,1667
1536,1644
1536,1761
1537,1628
1537,1643
1538,1545
1538,1770
1538,1778
1539,1548
1539,1702
1539,1722
1540,1515
1540,1568
1540,1693
1541,1662
1541,1777
1542,1516
1542,1552
1542,1781
1543,1668
1543,1679
1544,1554
1544,1721
1545,1573
1545,1656
1546,1525
1546,1574
1546,1670
1547,1605
1547,1632
1548,1595
1548,1608
1548,1760
1549,1717
1549,1759
1550,1698
1550,1757
1551,1563
1551,1715
1552,1606
1552,1619
1552,1773
1553,1587
1553,1697
1553,1712
1554,2110
1554,2143
1554,2149
1555,2103
1555,2198
1556,2122
1556,2245
1556,2295
1557,2147
1557,2181
1557,2226
1558,2148
1558,2179
1558,2227
1559,2116
1559,2247
1559,2338
1560,2225
1560,2246
1560,2302
1561,2214
1561,2264
1561,2336
1562,2215
1562,2298
1563,2263
1563,2318
1563,2331
1564,2223
1564,2259
1564,2343
1565,2272
1565,2284
1565,2337
1566,2151
1566,2206
1566,2244
1567,2123
1567,2176
1567,2197
1568,2154
1568,2189
1568,2192
1569,2162
1569,2328
1569,2345
1570,2144
1570,2184
1570,2238
1571,2265
1571,2277
1572,2159
1572,2196
1572,2204
1573,2222
1573,2233
1573,2282
1574,2178
1574,2211
1574,2267
1575,2161
1575,2293
1575,2326
1576,2112
1576,2315
1577,2126
1577,2314
1577,2349
1578,2130
1578,2158
1578,2242
1579,2119
1579,2153
1579,2160
1580,1943
1580,2012
1580,2100
1581,1941
1581,2049
1582,1960
1582,2085
1583,1942
1583,1967
1583,1989
1584,1968
1584,2060
1585,1965
1585,2014
1585,2092
1586,1924
1586,1982
1586,2089
1587,1879
1587,1888
1587,2013
1588,1952
1588,2059
1589,1866
1589,1947
1590,1921
1590,2029
1591,1917
1591,2079
1592,2021
1592,2047
1592,2097
1593,1908
1593,2038
1593,2046
1594,1867
1594,1978
1594,2070
1595,1898
1595,1959
1595,1976
1596,1896
1596,2042
1596,2045
1597,1865
1597,1953
1597,2084
1598,1902
1598,2065
1598,2066
1599,1907
1599,1935
1599,2048
1600,1892
1600,2030
1600,2099
1601,1880
1601,1972
1601,2086
1602,1909
1602,1945
1602,2020
1603,1944
1603,2022
1604,1858
1604,1951
1605,1900
1605,1904
1605,2061
1606,1961
1606,1992
1606,2051
1607,1974
1607,2053
1608,2450
1608,2532
1608,2616
1609,2355
1609,2437
1609,2594
1609,2669
1610,2453
1610,2556
1610,2609
1611,2544
1611,2545
1611,2597
1612,2466
1612,2477
1612,2590
1613,2353
1613,2404
1613,2573
1613,2607
1614,2467
1614,2508
1614,2672
1615,2357
1615,2521
1615,2581
1615,2632
1616,2383
1616,2526
1616,2542
1617,2397
1617,2444
1617,2639
1617,2676
1618,2486
1618,2515
1618,2530
1619,2395
1619,2512
1619,2533
1620,2407
1620,2449
1620,2514
1621,2528
1621,2578
1621,2670
1622,2478
1622,2596
1622,2664
1622,2684
1623,2367
1623,2490
1623,2550
1624,2391
1624,2564
1624,2588
1625,2436
1625,2461
1625,2483
1626,2396
1626,2595
1626,2645
1627,2372
1627,2539
1627,2592
1628,2375
1628,2489
1628,2568
1628,2602
1629,2511
1629,2576
1629,2587
1629,2654
1630,2366
1630,2470
1630,2507
1630,2660
1631,2445
1631,2492
1631,2506
1632,2379
1632,2546
1632,2557
1633,2427
1633,2525
1633,2612
1633,2643
1634,2352
1634,2480
1634,2510
1635,2876
1635,2944
1635,3030
1636,2734
1636,2783
1636,2887
1637,2723
1637,2741
1637,2749
1638,2869
1638,2901
1638,2929
1639,2711
1639,2717
1639,2767
1640,2725
1640,2852
1640,2909
1641,2714
1641,2720
1641,2883
1642,2701
1642,2948
1642,3033
1643,2919
1643,2965
1643,3019
1644,2820
1644,2920
1644,2935
1645,2754
1645,2933
1645,3012
1646,2737
1646,2872
1646,2941
1647,2703
1647,2813
1647,2897
1648,2706
1648,2849
1648,3054
1649,2812
1649,2898
1649,2989
1650,2778
1650,3031
1650,3037
1651,2776
1651,2964
1651,3049
1652,2709
1652,2878
1652,2912
1653,2810
1653,3021
1653,3023
1654,2712
1654,2713
1654,2747
1655,2928
1655,2977
1655,3043
1656,2738
1656,2895
1656,2899
1657,2797
1657,2969
1657,3010
1658,2748
1658,2995
1658,3035
1659,2733
1659,2743
1659,2930
1660,2729
1660,2745
1660,2834
1661,2746
1661,2980
1661,2984
1662,2735
1662,2751
1662,2829
1663,2833
1663,2975
1663,3040
1664,2838
1664,2970
1664,2985
1665,1823
1665,1827
1666,1806
1666,1839
1667,1791
1667,1800
1668,1816
1668,1824
1669,1807
1669,1830
1670,1835
1670,1838
1671,1796
1671,1798
1672,1843
1672,1846
1673,1799
1673,1814
1674,1821
1674,1840
1675,1802
1675,1808
1676,1805
1676,1832
1677,1809
1677,1849
1678,1803
1678,1836
1679,1844
1679,1847
1680,983
1680,984
1680,995
1680,1006
1680,1019
1681,964
1681,975
1681,985
1681,989
1681,1014
1682,959
1682,977
1682,980
1682,1003
1682,1020
1683,956
1683,957
1683,988
1683,999
1683,1018
1684,951
1684,960
1684,1000
1684,1011
1684,1015
1685,976
1685,993
1685,1001
1685,1009
1685,1013
1686,912
1686,936
1686,944
1687,886
1687,939
1688,882
1688,883
1689,905
1689,909
1689,935
1690,918
1690,938
1690,941
1691,887
1691,911
1692,149
1692,257
1692,284
1692,289
1693,38
1693,196
1693,202
1693,209
1694,56
1694,100
1694,157
1694,262
1695,6
1695,96
1695,120
1695,299
1696,210
1696,234
1696,266
1697,20
1697,61
1697,133
1697,286
1698,91
1698,148
1698,279
1699,117
1699,141
1699,150
1699,218
1700,93
1700,99
1700,277
1701,59
1701,203
1701,274
1702,39
1702,230
1702,288
1703,48
1703,179
1703,238
1704,123
1704,164
1704,232
1704,273
1705,21
1705,46
1705,146
1705,161
1706,75
1706,140
1706,213
1706,241
1707,225
1707,244
1707,268
1708,23
1708,129
1708,130
1709,9
1709,43
1709,82
1709,205
1710,8
1710,127
1710,255
1710,276
1711,41
1711,76
1711,207
1711,235
1712,114
1712,171
1712,219
1712,254
1713,472
1713,501
1713,575
1714,378
1714,383
1714,387
1714,571
1715,339
1715,506
1715,525
1716,393
1716,459
1716,464
1717,417
1717,436
1717,531
1717,578
1718,376
1718,428
1718,518
1718,546
1719,462
1719,522
1719,540
1720,349
1720,451
1720,532
1721,496
1721,514
1721,577
1722,361
1722,481
1722,526
1722,552
1723,438
1723,478
1723,543
1723,560
1724,402
1724,412
1724,485
1724,517
1724,533
1725,311
1725,336
1725,445
1725,508
1726,308
1726,395
1726,435
1726,534
1726,558
1727,391
1727,446
1727,484
1727,520
1727,561
1728,422
1728,555
1728,568
1728,572
1729,373
1729,394
1729,404
1729,409
1729,510
1730,337
1730,397
1730,488
1730,515
1731,586
1731,763
1731,766
1732,671
1732,717
1732,745
1733,654
1733,702
1733,730
1734,621
1734,756
1734,799
1734,841
1735,595
1735,729
1735,732
1735,850
1736,642
1736,790
1736,843
1737,652
1737,685
1737,721
1738,682
1738,736
1738,775
1739,619
1739,737
1739,747
1739,787
1740,614
1740,700
1740,785
1741,648
1741,686
1741,866
1741,871
1742,600
1742,651
1742,753
1743,581
1743,626
1743,765
1744,719
1744,739
1744,869
1745,667
1745,690
1745,806
1746,764
1746,798
1746,846
1747,598
1747,645
1747,751
1748,655
1748,820
1748,838
1749,606
1749,688
1749,709
1750,677
1750,741
1750,836
1751,676
1751,769
1751,855
1752,639
1752,674
1752,757
1753,1114
1753,1127
1753,1140
1754,1101
1754,1104
1754,1133
1754,1149
1755,1094
1755,1131
1755,1134
1755,1147
1756,1093
1756,1102
1756,1116
1756,1122
1757,1092
1757,1100
1757,1117
1757,1119
1758,1118
1758,1126
1758,1145
1758,1156
1759,1124
1759,1125
1759,1138
1760,1123
1760,1136
1760,1146
1760,1157
1761,1038
1761,1046
1761,1067
1761,1075
1762,1024
1762,1056
1762,1066
1763,1031
1763,1047
1763,1064
1763,1087
1764,1023
1764,1050
1764,1077
1765,1030
1765,1045
1765,1083
1766,1036
1766,1060
1766,1084
1767,1035
1767,1044
1767,1085
1768,1042
1768,1058
1768,1088
1769,1049
1769,1061
1769,1068
1770,1041
1770,1063
1770,1071
1771,1025
1771,1059
1771,1073
1772,1
1772,15
1773,7
1773,19
1774,11
1774,12
1775,2
1775,14
1776,13
1776,18
1777,3071
1778,3077
1778,3090
1779,3070
1779,3093
1780,3081
1781,3087
1781,3099
1782,3089
1783,1213
1783,1237
1784,1233
1785,1175
1785,1217
1786,1166
1786,1220
1787,1179
1787,1190
1788,1174
1788,1201
1789,1209
1790,1177
1790,1207
1791,1196
1791,1221
1792,1163
1792,1176
1793,1169
1794,1173
1794,1225
1795,1216
1796,1224
1796,1234
1797,1178
1798,1260
1798,1393
1799,1322
1799,1465
2001,2251
2001,2285
2002,2252
2002,2328
2003,2332
2003,2349
2004,2260
2004,2279
2005,2264
2005,2302
2006,2288
2006,2325
2007,2331
2007,2341
2008,2255
2008,2330
2009,2253
2009,2324
2010,2268
2010,2269
2011,2296
2011,2311
2012,2294
2012,2336
2013,2312
2013,2334
2014,2254
2014,2290
2015,2289
2015,2321
2015,2760
2016,2306
2016,2322
2016,2777
2017,2291
2017,2315
2018,2266
2018,2329
2019,1788
2019,1835
2019,1947
2020,1757
2020,1821
2020,1824
2021,1783
2021,1858
2021,1883
2022,1767
2022,1855
2022,1902
2023,1754
2023,1761
2024,1793
2024,1825
2024,1916
2025,1762
2025,1880
2025,1897
2026,1790
2026,1877
2026,1920
2027,1775
2027,1792
2027,1910
2028,1777
2028,1812
2028,1870
2029,1765
2029,1865
2029,1923
2030,1842
2030,1864
2030,1913
2031,1819
2031,1881
2032,1808
2032,1836
2033,1811
2033,1878
2033,1887
2034,1806
2034,1854
2034,1937
2035,1791
2035,1834
2036,1807
2036,1839
2036,1857
2037,2012
2037,2104
2037,2143
2038,1993
2038,2036
2038,2140
2039,2061
2039,2100
2039,2118
2040,1972
2040,1989
2040,2124
2041,2024
2041,2067
2041,2069
2042,1980
2042,2003
2042,2098
2043,2016
2043,2035
2043,2108
2044,1978
2044,2049
2044,2051
2045,2030
2045,2033
2045,2130
2046,1979
2046,2004
2046,2116
2047,2048
2047,2050
2047,2125
2048,2045
2048,2072
2048,2113
2049,1957
2049,1998
2049,2131
2050,1983
2050,2071
2050,2110
2051,2010
2051,2091
2051,2137
2052,1984
2052,1992
2052,2075
2053,2055
2053,2126
2053,2150
2054,2000
2054,2060
2054,2144
2055,2456
2055,2521
2056,2481
2056,2509
2057,2459
2057,2497
2058,2504
2058,2516
2059,2458
2059,2527
2060,2452
2060,2519
2061,2462
2061,2541
2062,2479
2062,2484
2063,2468
2063,2492
2064,2489
2064,2514
2065,2486
2066,2475
2066,2502
2067,2482
2068,2478
2068,2537
2069,2480
2069,2544
2070,2485
2070,2513
2071,2529
2071,2545
2072,2358
2073,2417
2073,2435
2074,2378
2074,2433
2075,2396
2075,2448
2076,2363
2077,2440
2078,2360
2078,2418
2079,2357
2080,2386
2080,2409
2081,2421
2082,2408
2082,2411
2083,2368
2083,2389
2084,2351
2084,2364
2085,2377
2085,2412
2086,2404
2086,2447
2087,2400
2087,2403
2088,2401
2088,2405
2089,2395
2090,576
2090,603
2091,641
2091,702
2092,580
2092,704
2092,706
2093,678
2093,705
2094,697
2094,713
2095,588
2095,606
2095,711
2096,643
2096,680
2096,715
2097,629
2097,651
2098,654
2098,689
2098,709
2099,633
2099,717
2100,668
2100,703
2101,646
2101,649
2101,696
2102,664
2102,684
2103,682
2103,695
2104,688
2104,721
2105,737
2105,783
2105,822
2106,738
2106,773
2107,770
2107,834
2108,790
2108,795
2108,823
2109,762
2109,824
2109,825
2110,739
2110,740
2110,831
2111,750
2111,792
2111,802
2112,796
2112,818
2113,742
2113,820
2114,744
2114,774
2115,769
2115,772
2115,794
2116,753
2116,787
2116,793
2117,779
2117,814
2117,827
2118,1251
2118,1448
2118,1457
2118,1591
2119,1266
2119,1397
2119,1407
2120,1316
2120,1366
2120,1436
2120,1605
2121,1372
2121,1390
2121,1600
2122,1342
2122,1444
2122,1464
2123,1281
2123,1329
2123,1338
2124,1459
2124,1473
2124,1491
2125,1291
2125,1393
2125,1442
2125,1642
2126,1349
2126,1486
2126,1583
2127,1309
2127,1333
2127,1369
2127,1592
2128,1410
2128,1528
2128,1533
2128,1633
2129,1286
2129,1422
2129,1443
2129,1564
2130,1477
2130,1546
2130,1553
2130,1641
2131,1301
2131,1314
2131,1371
2132,1289
2132,1388
2132,1476
2133,1324
2133,1377
2133,1392
2133,1596
2134,1374
2134,1421
2134,1461
2134,1566
2135,2267
2135,2368
2135,2372
2136,2248
2136,2294
2136,2347
2136,2403
2137,2327
2137,2397
2137,2435
2138,2265
2138,2280
2138,2364
2138,2374
2139,2346
2139,2360
2139,2411
2140,2257
2140,2296
2140,2352
2140,2363
2141,2289
2141,2361
2141,2449
2142,2281
2142,2399
2142,2402
2142,2422
2143,2312
2143,2342
2143,2365
2143,2445
2144,2314
2144,2334
2144,2447
2145,2249
2145,2284
2145,2338
2145,2430
2146,2285
2146,2286
2146,2339
2146,2408
2147,2320
2147,2353
2147,2379
2147,2443
2148,2305
2148,2375
2148,2404
2149,2272
2149,2282
2149,2392
2149,2425
2150,2301
2150,2304
2150,2391
2151,3172
2151,3206
2151,3420
2151,3506
2152,2916
2152,2953
2152,3125
2152,3233
2153,2969
2153,3254
2153,3363
2154,3210
2154,3340
2154,3344
2154,3365
2155,2923
2155,2928
2155,3120
2155,3180
2156,3097
2156,3130
2156,3169
2156,3449
2157,2921
2157,3098
2157,3205
2157,3412
2158,3232
2158,3327
2158,3356
2158,3427
2159,3244
2159,3297
2159,3385
2159,3458
2160,3253
2160,3349
2160,3368
2160,3413
2161,3271
2161,3286
2161,3348
2161,3419
2162,3115
2162,3285
2162,3353
2162,3507
2163,3028
2163,3280
2163,3404
2163,3498
2164,3010
2164,3034
2164,3245
2164,3266
2165,3011
2165,3047
2165,3287
2165,3382
2166,3084
2166,3191
2166,3248
2166,3453
2167,2957
2167,3184
2167,3256
2167,3467
2168,3204
2168,3238
2168,3314
2168,3398
2169,2918
2169,3321
2169,3424
2169,3470
2170,3049
2170,3216
2170,3436
2170,3492
2171,3101
2171,3156
2171,3304
2171,3487
2172,2992
2172,3177
2172,3401
2173,2732
2173,2761
2174,2750
2174,2783
2175,2883
2176,2751
2176,2767
2177,2846
2177,2872
2178,2742
2178,2800
2179,2779
2179,2875
2180,2813
2180,2876
2181,2777
2181,2864
2182,2833
2182,2867
2183,2731
2183,2776
2184,2797
2184,2856
2185,2794
2185,2817
2186,2726
2186,2773
2187,2786
2187,2838
2188,2771
2188,2878
2189,2721
2189,2763
2190,2722
2191,2646
2191,2674
2192,2673
2192,2678
2193,2662
2193,2692
2194,2659
2194,2661
2195,2652
2195,2660
2196,2654
2196,2690
2197,2677
2197,2708
2198,3522
2198,3532
2198,3561
2199,3516
2199,3524
2199,3581
2200,3543
2200,3570
2200,3582
2201,3526
2201,3527
2201,3569
2202,3518
2202,3544
2203,3542
2203,3579
2204,3521
2204,3566
2205,437
2205,446
2205,526
2206,313
2206,463
2206,572
2207,86
2207,127
2207,252
2207,347
2208,90
2208,130
2208,281
2208,364
2209,400
2209,454
2209,530
2210,104
2210,250
2210,302
2210,372
2211,114
2211,117
2211,471
2212,131
2212,134
2212,211
2213,147
2213,235
2213,266
2213,385
2214,449
2214,457
2214,532
2215,139
2215,231
2215,327
2215,388
2216,138
2216,151
2216,267
2216,392
2217,447
2217,469
2217,534
2218,498
2218,515
2218,559
2219,261
2219,472
2219,555
2220,162
2220,187
2220,221
2220,435
2221,143
2221,206
2221,279
2221,397
2222,239
2222,408
2222,531
2223,251
2223,433
2223,519
2224,293
2224,468
2224,518
2225,474
2225,486
2225,549
2226,190
2226,205
2226,306
2226,398
2227,399
2227,507
2227,524
2228,169
2228,265
2228,366
2229,161
2229,183
2229,311
2230,170
2230,188
2230,377
2231,189
2231,319
2231,322
2232,171
2232,336
2232,337
2232,412
2233,124
2233,475
2233,505
2234,284
2234,459
2234,539
2235,52
2235,73
2236,36
2236,44
2237,62
2237,74
2238,49
2238,57
2239,38
2239,41
2240,60
2240,72
2241,39
2241,45
2241,68
2242,873
2243,842
2243,866
2244,841
2244,848
2245,871
2246,836
2246,867
2247,838
2247,874
2248,855
2248,868
2249,844
2250,837
2251,891
2251,897
2252,898
2252,899
2253,882
2253,906
2254,920
2255,903
2256,901
2256,916
2257,884
2257,925
2258,908
2258,912
2259,3
2260,1
2260,5
2261,4
2261,6
2262,17
2262,18
2262,24
2262,27
2262,34
2263,21
2263,22
2263,32
2264,19
2264,23
2264,26
2264,28
2265,20
2265,29
2265,30
2265,31
2266,944
2266,975
2266,978
2267,937
2267,969
2267,1019
2268,926
2268,961
2268,989
2268,1007
2269,943
2269,973
2269,985
2269,1002
2270,998
2270,1011
2270,1014
2270,1016
2271,967
2271,984
2271,1001
2272,955
2272,957
2272,991
2273,949
2273,958
2273,993
2274,982
2274,995
2274,1024
2275,1030
2275,1080
2276,1048
2276,1049
2277,1039
2277,1046
2278,1034
2278,1083
2279,1065
2279,1068
2280,1027
2280,1055
2280,1074
2281,1037
2281,1071
2282,1033
2282,1054
2283,1036
2283,1050
2283,1066
2284,1718
2284,2163
2284,2182
2284,2196
2284,2207
2284,2240
2285,1719
2285,1722
2285,2165
2285,2188
2285,2221
2285,2233
2286,1716
2286,2167
2286,2178
2286,2214
2286,2237
2286,2238
2287,2155
2287,2161
2287,2185
2287,2206
2287,2216
2288,1721
2288,2162
2288,2168
2288,2197
2288,2212
2288,2230
2289,2156
2289,2194
2289,2205
2289,2231
2289,2242
2289,2245
2290,1717
2290,2157
2290,2158
2290,2193
2290,2225
2290,2232
2291,2147
2291,2169
2291,2173
2291,2187
2291,2204
2291,2222
2292,1724
2292,2149
2292,2152
2292,2175
2292,2195
2292,2209
2293,1723
2293,2177
2293,2184
2293,2198
2293,2229
2293,2241
2294,1720
2294,2160
2294,2164
2294,2179
2294,2211
2295,1096
2295,1101
2295,1123
2295,1206
2295,1241
2296,1109
2296,1146
2296,1159
2296,1170
2296,1195
2297,1095
2297,1113
2297,1179
2297,1199
2298,1088
2298,1143
2298,1161
2298,1200
2298,1234
2299,1106
2299,1111
2299,1144
2299,1188
2299,1205
2300,1117
2300,1166
2300,1178
2300,1232
2300,1239
2301,1119
2301,1124
2301,1153
2301,1212
2301,1219
2302,1142
2302,1145
2302,1184
2302,1237
2303,1122
2303,1133
2303,1187
2303,1196
2303,1223
2304,1086
2304,1090
2304,1108
2304,1168
2304,1191
2305,1684
2305,1687
2306,1663
2306,1676
2306,1688
2307,1654
2307,1658
2307,1681
2308,1659
2308,1701
2309,1664
2309,1670
2310,1656
2310,1686
2311,1673
2311,1692
2312,1665
2312,1683
2313,1678
2313,1685
2313,1697
2314,1824
2314,1827
2314,1844
2315,1815
2315,1818
2315,1830
2315,1834
2316,1816
2316,1845
2317,1819
2317,1840
2317,1841
2318,1825
2318,1835
2318,1839
2319,1741
2319,1752
2319,1761
2320,1737
2320,1772
2320,1773
2321,1739
2321,1770
2321,1780
2322,1726
2322,1731
2322,1750
2323,1798
2323,1801
2323,1805
2323,2076
2323,2105
2323,2127
2324,1796
2324,1802
2324,1806
2324,2087
2324,2118
2324,2128
2325,1803
2325,1807
2325,1808
2325,2093
2325,2110
2326,1804
2326,1809
2326,1812
2326,2096
2326,2123
2327,1878
2327,1895
2327,1920
2327,1945
2328,1859
2328,1886
2328,1910
2328,1914
2328,1966
2329,1868
2329,1884
2329,1898
2329,1951
2329,1989
2330,1897
2330,1929
2330,1935
2330,1939
2330,1991
2331,1858
2331,1888
2331,1928
2331,1981
2331,1985
2332,1849
2332,1892
2332,1903
2332,1913
2332,1994
2333,1899
2333,1919
2333,1936
2333,1987
2334,1851
2334,1857
2334,1896
2334,1922
2334,1970
2335,2044
2335,2050
2335,2053
2336,2002
2336,2051
2336,2061
2337,2007
2337,2043
2337,2065
2338,2008
2338,2033
2338,2040
2339,1999
2339,2012
2339,2023
2339,2052
2340,2004
2340,2016
2340,2025
2341,2030
2341,2049
2341,2063
2342,2011
2342,2056
2342,2062
2343,2006
2343,2009
2343,2028
2344,2066
2344,2088
2344,2099
2344,2121
2344,2134
2345,2078
2345,2079
2345,2083
2345,2085
2345,2090
2345,2116
2346,2068
2346,2097
2346,2114
2346,2142
2347,2075
2347,2092
2347,2094
2347,2107
2348,2069
2348,2072
2348,2084
2348,2091
2348,2117
2348,2135
2349,3608
2349,3620
2349,3675
2350,3626
2350,3637
2350,3671
2351,3592
2351,3614
2351,3623
2352,3593
2352,3627
2353,3628
2353,3641
2353,3662
2354,3622
2354,3634
2354,3638
2355,3600
2355,3640
2355,3660
2356,3605
2356,3618
2356,3649
2356,3667
2357,3601
2357,3612
2357,3672
2358,3636
2358,3663
2358,3678
2359,3633
2359,3652
2359,3659
2360,3617
2360,3631
2360,3665
2501,2855
2501,2890
2501,2960
2502,2841
2502,2995
2502,3016
2503,2817
2503,2843
2503,3006
2504,2805
2504,2842
2504,2906
2505,2963
2505,3004
2506,2911
2506,3034
2507,2857
2507,2863
2508,2813
2508,2852
2508,3021
2509,2884
2509,3023
2510,2872
2510,2918
2510,3044
2511,2867
2511,3003
2512,2807
2512,2818
2512,2875
2513,2892
2513,2951
2514,2931
2514,2943
2515,2833
2515,2917
2515,2930
2516,2961
2516,2974
2517,2823
2517,2865
2517,2952
2518,2959
2518,2975
2519,3223
2519,3274
2520,3198
2520,3246
2521,3168
2521,3213
2522,3194
2522,3233
2523,3173
2523,3219
2523,3282
2524,3157
2524,3170
2525,3169
2525,3240
2526,3207
2526,3250
2527,3152
2527,3216
2527,3285
2528,3244
2528,3247
2529,3204
2529,3261
2530,3212
2530,3241
2531,3270
2531,3272
2532,3186
2532,3206
2533,3266
2533,3289
2534,3234
2534,3248
2535,882
2535,883
2535,956
2536,953
2536,978
2537,905
2537,967
2537,1044
2538,938
2538,1013
2539,973
2539,1047
2540,914
2540,920
2540,997
2541,975
2541,1007
2542,947
2542,986
2543,985
2543,1004
2544,887
2544,922
2544,1016
2545,937
2545,957
2545,968
2546,960
2546,990
2547,895
2547,1010
2548,958
2548,979
2549,925
2549,976
2550,949
2550,1025
2550,1036
2551,964
2551,1018
2552,3376
2552,3421
2553,3336
2553,3364
2554,3388
2554,3391
2555,3327
2555,3332
2556,3307
2556,3328
2557,3315
2557,3427
2558,3297
2558,3401
2559,3333
2559,3419
2560,3396
2560,3411
2561,3313
2561,3429
2562,3366
2562,3380
2563,3311
2563,3356
2564,3314
2564,3399
2565,3340
2565,3397
2566,3392
2566,3424
2567,3357
2567,3395
2568,3324
2568,3410
2569,368
2569,423
2570,311
2570,439
2570,512
2571,348
2571,410
2571,476
2572,398
2572,495
2572,520
2573,316
2573,325
2573,346
2574,481
2574,511
2574,515
2575,329
2575,436
2575,527
2576,327
2576,372
2576,422
2577,332
2577,414
2577,499
2578,310
2578,419
2578,507
2579,364
2579,415
2580,390
2580,521
2581,374
2581,431
2581,510
2582,303
2582,355
2582,535
2583,403
2583,526
2584,388
2584,522
2584,541
2585,407
2585,480
2585,523
2586,350
2586,470
2586,475
2587,309
2587,384
2587,466
2588,408
2588,443
2589,3090
2589,3119
2590,3088
2590,3120
2591,3059
2591,3149
2592,3108
2592,3136
2593,3116
2593,3134
2594,3099
2594,3143
2595,3110
2595,3135
2595,3144
2596,3055
2596,3096
2596,3128
2597,3057
2597,3085
2597,3139
2598,3058
2598,3072
2599,3121
2599,3148
2600,3065
2600,3132
2601,3078
2601,3127
2602,3106
2602,3124
2603,84
2603,87
2604,21
2604,60
2605,16
2605,49
2606,43
2606,90
2607,24
2607,39
2608,12
2608,77
2609,6
2609,79
2610,2
2610,91
2611,10
2611,61
2612,56
2612,89
2613,76
2613,80
2614,17
2614,68
2615,86
2615,97
2616,31
2616,65
2617,47
2617,62
2618,72
2618,74
2619,108
2619,168
2620,151
2620,188
2621,119
2621,193
2622,152
2622,164
2623,125
2623,139
2624,145
2624,171
2625,122
2625,194
2626,132
2626,153
2627,128
2627,150
2628,109
2628,157
2629,179
2629,186
2630,137
2630,173
2631,105
2631,146
2632,102
2632,136
2633,104
2633,184
2634,101
2634,165
2635,2555
2635,2571
2635,2714
2636,2554
2636,2560
2636,2718
2637,2622
2637,2681
2637,2713
2638,2566
2638,2570
2638,2719
2639,2575
2639,2580
2639,2725
2640,2572
2640,2592
2640,2747
2641,2636
2641,2645
2642,2629
2642,2652
2642,2735
2643,2581
2643,2595
2643,2740
2644,2617
2644,2664
2644,2697
2645,2640
2645,2679
2646,2569
2646,2588
2646,2598
2647,2642
2647,2677
2647,2731
2648,2585
2648,2604
2648,2748
2649,2600
2649,2614
2649,2750
2650,2665
2650,2692
2650,2738
2651,2651
2651,2674
2651,2741
2652,2701
2652,2710
2652,2726
2653,593
2653,645
2653,673
2654,635
2654,661
2655,599
2655,669
2656,613
2656,614
2657,553
2657,565
2657,691
2658,552
2658,686
2659,562
2659,665
2660,559
2660,660
2660,694
2661,564
2661,685
2662,623
2662,667
2663,630
2663,663
2664,631
2664,682
2664,689
2665,556
2665,641
2665,675
2666,603
2666,670
2666,698
2667,616
2667,683
2668,611
2668,666
2669,585
2669,643
2670,707
2670,723
2670,805
2671,781
2671,795
2672,757
2672,777
2673,731
2673,819
2673,830
2674,726
2674,759
2675,758
2675,845
2676,740
2676,801
2677,755
2677,776
2678,706
2678,769
2678,834
2679,753
2679,839
2680,770
2680,800
2680,825
2681,792
2681,811
2682,744
2682,766
2682,842
2683,732
2683,750
2684,738
2684,841
2685,746
2685,764
2686,720
2686,725
2686,808
2687,858
2687,866
2687,877
2687,878
2688,862
2688,865
2688,874
2688,876
2688,880
2689,854
2689,864
2689,868
2689,870
2690,855
2690,867
2690,869
2690,871
2690,879
2691,3595
2692,3667
2692,3672
2693,3636
2694,3596
2694,3656
2695,3600
2695,3662
2696,3616
2697,3632
2698,3648
2699,3614
2699,3624
2700,3641
2701,3609
2702,3638
2702,3643
2703,3585
2704,3663
2705,3584
2706,2160
2706,2243
2707,2166
2707,2189
2708,2158
2708,2195
2709,2164
2709,2232
2710,2190
2710,2247
2711,2163
2711,2167
2711,2226
2712,2165
2712,2177
2713,2154
2713,2200
2714,2157
2714,2216
2715,2184
2715,2238
2715,2249
2716,2153
2716,2214
2717,2180
2717,2185
2718,2196
2718,2219
2719,2169
2719,2176
2720,2230
2720,2239
2721,2156
2721,2175
2721,2244
2722,2212
2722,2220
2723,2179
2723,2183
2724,2178
2724,2218
2725,2223
2725,2242
2726,220
2726,273
2727,221
2727,241
2727,265
2728,204
2728,253
2729,226
2729,249
2730,248
2730,256
2730,283
2731,243
2731,244
2731,278
2732,231
2732,276
2733,219
2733,223
2733,235
2734,1691
2734,1692
2734,1703
2734,1709
2735,1687
2735,1696
2735,1697
2735,1708
2736,1684
2736,1689
2736,1702
2736,1706
2737,1686
2737,1688
2737,1690
2737,1704
2738,1685
2738,1695
2738,1698
2738,1699
2739,1479
2739,1651
2739,1652
2739,1665
2739,1670
2740,1572
2740,1653
2740,1654
2740,1668
2740,1671
2741,1655
2741,1666
2741,1672
2741,1674
2742,1658
2742,1667
2742,1675
2742,1677
2743,1191
2743,1202
2743,1233
2744,1087
2744,1158
2744,1235
2745,1066
2745,1080
2745,1197
2746,1058
2746,1061
2746,1239
2747,1118
2747,1241
2747,1242
2748,1122
2748,1155
2748,1226
2749,1057
2749,1199
2749,1222
2750,1052
2750,1123
2750,1168
2751,1169
2751,1201
2751,1244
2752,1063
2752,1104
2752,1198
2753,1077
2753,1159
2753,1245
2754,1142
2754,1204
2754,1240
2755,1091
2755,1229
2755,1246
2756,1071
2756,1192
2756,1207
2757,1132
2757,1195
2757,1223
2758,1078
2758,1135
2758,1230
2759,1321
2759,1323
2759,1422
2759,1423
2759,1441
2760,1277
2760,1303
2760,1345
2760,1360
2760,1411
2761,1304
2761,1308
2761,1393
2761,1395
2761,1415
2762,1265
2762,1274
2762,1332
2762,1410
2762,1436
2763,1255
2763,1337
2763,1355
2763,1388
2763,1418
2764,1325
2764,1338
2764,1375
2764,1412
2765,1264
2765,1298
2765,1328
2765,1366
2765,1367
2766,1269
2766,1280
2766,1331
2766,1374
2767,1455
2767,1549
2767,1636
2768,1471
2768,1614
2769,1458
2769,1579
2770,1491
2770,1597
2770,1600
2771,1482
2771,1628
2772,1466
2772,1539
2772,1540
2773,1450
2773,1463
2773,1548
2774,1508
2774,1560
2775,1499
2775,1585
2776,1544
2776,1634
2777,1489
2777,1551
2778,1602
2778,1619
2779,1469
2779,1633
2780,1461
2780,1565
2780,1581
2781,1509
2781,1567
2781,1588
2782,1524
2782,1538
2782,1586
2783,1460
2783,1517
2783,1646
2784,1451
2784,1494
2784,1564
2785,1515
2785,1536
2785,1582
2786,1453
2786,1468
2786,1643
2787,1448
2787,1590
2788,1457
2788,1481
2788,1528
2789,1483
2789,1506
2790,1720
2790,1722
2790,1733
2791,1721
2791,1723
2791,1735
2792,1727
2792,1728
2792,1730
2793,1726
2793,1731
2793,1734
2794,1724
2794,1732
2795,1073
2795,1717
2795,1739
2796,1156
2796,1744
2796,1746
2797,1737
2797,1738
2797,1745
2798,1064
2798,1711
2798,1715
2798,1718
2799,1710
2799,1740
2799,1747
2800,3574
2800,3577
2801,3573
2801,3576
2802,3575
2802,3578
2803,3562
2803,3570
2804,9
2804,14
2804,3563
2804,3565
2805,15
2805,3564
2806,8
2806,10
2806,11
2806,3567
2807,3541
2807,3544
2808,3552
2808,3553
2809,3537
2810,3548
2810,3554
2811,3538
2811,3549
2812,3536
2813,3540
2813,3551
2814,3543
2814,3558
2815,3490
2816,3495
2816,3496
2817,3483
2817,3494
2818,3487
2818,3491
2819,3479
2819,3480
2820,3493
2820,3497
2821,3478
2821,3481
2822,3484
2822,3486
2823,3508
2823,3512
2823,3532
2824,3513
2824,3525
2825,3502
2825,3503
2825,3528
2825,3535
2826,3506
2826,3514
2826,3522
2827,3507
2827,3519
2827,3523
2828,3505
2828,3510
2828,3520
2829,3453
2829,3458
2829,3461
2830,3465
2830,3466
2830,3468
2831,3455
2831,3464
2831,3471
2831,3472
2832,3442
2832,3446
2832,3454
2833,3448
2833,3467
2833,3473
3001,2110
3001,2194
3002,534
3002,2031
3002,2032
3003,2160
3003,2203
3004,2176
3004,2211
3005,592
3005,2065
3005,2069
3006,2166
3006,2179
3007,594
3007,2033
3007,2039
3008,573
3008,2028
3008,2147
3009,581
3009,2071
3009,2073
3010,619
3010,2072
3010,2098
3011,2120
3011,2171
3012,2168
3012,2188
3013,2025
3013,2172
3014,2128
3014,2196
3015,600
3015,2042
3015,2094
3016,2080
3016,2089
3017,2149
3017,2164
3018,2112
3018,2116
3019,2105
3019,2169
3020,2087
3020,2204
3021,2113
3021,2208
3022,2127
3022,2173
3023,2046
3023,2154
3024,2108
3024,2195
3025,2114
3025,2219
3026,2075
3026,2135
3027,582
3027,2056
3027,2191
3028,2063
3028,2205
3029,3880
3029,4007
3029,4011
3030,3898
3030,3902
3030,3991
3031,3891
3031,3942
3031,3974
3032,3865
3032,3886
3032,3977
3033,3885
3033,3890
3033,4009
3034,3939
3034,4020
3035,3901
3035,3967
3036,3900
3036,3970
3037,3858
3037,3925
3037,3998
3038,3856
3038,3958
3038,3975
3039,3847
3039,3973
3040,3837
3040,3876
3040,3893
3041,3845
3041,3892
3041,4002
3042,3827
3042,3835
3042,3854
3043,3905
3043,3933
3043,3953
3044,3842
3044,3855
3044,4000
3045,3869
3045,3888
3045,3982
3046,3825
3046,3879
3046,3899
3047,3844
3047,3883
3047,3981
3048,3867
3048,4006
3049,3870
3049,3949
3049,4014
3050,3882
3050,3976
3051,3896
3051,3921
3051,3927
3052,3966
3052,4010
3052,4013
3053,3923
3053,3940
3053,4012
3054,3924
3054,3989
3054,4019
3055,3916
3055,3917
3055,3988
3056,3884
3056,3992
3056,3995
3057,4108
3057,4125
3058,4046
3058,4136
3058,4206
3059,4173
3059,4194
3059,4200
3060,4114
3060,4150
3061,4027
3061,4086
3061,4154
3062,4050
3062,4116
3063,4028
3063,4056
3063,4122
3064,4119
3064,4121
3065,4115
3065,4158
3066,4171
3066,4183
3067,4042
3067,4052
3067,4180
3068,4041
3068,4051
3068,4082
3069,4151
3069,4193
3070,4111
3070,4189
3070,4197
3071,4074
3071,4076
3071,4168
3072,4073
3072,4133
3072,4218
3073,4113
3073,4203
3074,4081
3074,4090
3075,4141
3075,4210
3076,4067
3076,4129
3076,4137
3077,4089
3077,4101
3078,4080
3078,4102
3079,4075
3079,4170
3080,4026
3080,4148
3080,4174
3081,4087
3081,4132
3081,4196
3082,4097
3082,4161
3082,4177
3083,4034
3083,4107
3084,4031
3084,4066
3085,4135
3085,4195
3086,4079
3086,4209
3087,4088
3087,4104
3088,4040
3088,4054
3088,4155
3089,4043
3089,4123
3089,4156
3090,4037
3090,4162
3090,4205
3091,4224
3091,4328
3092,4280
3092,4356
3093,4233
3093,4373
3094,4252
3094,4352
3095,4324
3095,4338
3096,4316
3096,4346
3097,4312
3097,4380
3098,4229
3098,4237
3099,4241
3099,4375
3100,4337
3100,4342
3101,4283
3101,4339
3102,4269
3102,4355
3103,4236
3103,4364
3104,4232
3104,4282
3105,4244
3105,4377
3106,4285
3106,4303
3107,4323
3107,4363
3108,4341
3108,4343
3109,4245
3109,4376
3110,4251
3110,4290
3111,4256
3111,4270
3112,4259
3112,4300
3113,4302
3113,4353
3114,4221
3114,4255
3115,4243
3115,4361
3116,4238
3116,4284
3117,4231
3118,4225
3118,4349
3119,4296
3119,4322
3120,4292
3121,4382
3121,5126
3121,5134
3122,5097
3122,5155
3123,5119
3123,5146
3124,5108
3124,5130
3125,5045
3125,5081
3125,5102
3126,4381
3126,5055
3127,5067
3127,5166
3128,4390
3128,4407
3128,5110
3129,5043
3129,5058
3130,5054
3130,5091
3131,5112
3131,5149
3132,4392
3132,5064
3133,5052
3133,5088
3134,5124
3134,5127
3135,5077
3135,5116
3136,4404
3136,5137
3137,4400
3137,5098
3138,4389
3138,5053
3138,5080
3139,5096
3139,5160
3140,5051
3140,5120
3141,5123
3141,5147
3142,5057
3142,5152
3143,4406
3143,5101
3144,4388
3144,4391
3145,5103
3145,5118
3146,4396
3146,5114
3147,1840
3147,1942
3147,1972
3148,1783
3148,1968
3149,1792
3149,1874
3149,1913
3150,1852
3150,1976
3150,2016
3151,1836
3151,1899
3151,2000
3152,1891
3152,1932
3152,1981
3153,1824
3153,1962
3154,1846
3154,1901
3154,2003
3155,1808
3155,1855
3155,1911
3156,1782
3156,1822
3156,1916
3157,1944
3157,1964
3158,1924
3158,1998
3159,1781
3159,1810
3159,1870
3160,1795
3160,1894
3161,1886
3161,1887
3161,1892
3162,1851
3162,1869
3163,1773
3163,1967
3163,2004
3164,1801
3164,1881
3164,1933
3165,1879
3165,1902
3165,1987
3166,1800
3166,1826
3166,1993
3167,1789
3167,1919
3167,2014
3168,1883
3168,1893
3168,1989
3169,1880
3169,1921
3170,1788
3170,1861
3170,1960
3171,1771
3171,1842
3171,1945
3172,1889
3172,1940
3172,1959
3173,1856
3173,1914
3173,2006
3174,1775
3174,1873
3174,1982
3175,1843
3175,1859
3175,1923
3176,1961
3176,1994
3177,3406
3177,3432
3177,3490
3177,3662
3178,3436
3178,3475
3178,3528
3178,3575
3179,3397
3179,3431
3179,3576
3179,3591
3180,3366
3180,3373
3180,3391
3180,3459
3181,3415
3181,3458
3181,3592
3181,3629
3182,3394
3182,3409
3182,3440
3182,3445
3183,3488
3183,3533
3183,3571
3183,3578
3184,3435
3184,3478
3184,3526
3184,3702
3185,3467
3185,3505
3185,3522
3185,3698
3186,3371
3186,3425
3186,3617
3186,3642
3187,3434
3187,3480
3187,3613
3187,3701
3188,3460
3188,3503
3188,3527
3188,3690
3189,3559
3189,3561
3189,3670
3189,3686
3190,3448
3190,3482
3190,3645
3190,3693
3191,3530
3191,3606
3191,3635
3191,3691
3192,3365
3192,3544
3192,3545
3192,3644
3193,3443
3193,3543
3193,3572
3193,3671
3194,3492
3194,3586
3194,3652
3194,3723
3195,3465
3195,3504
3195,3696
3195,3700
3196,3369
3196,3403
3196,3625
3196,3672
3197,3441
3197,3536
3197,3681
3197,3704
3198,3359
3198,3452
3198,3569
3198,3611
3199,3374
3199,3383
3199,3396
3199,3604
3200,3413
3200,3487
3200,3689
3200,3722
3201,3483
3201,3519
3201,3658
3201,3688
3202,3479
3202,3520
3202,3546
3202,3697
3203,3529
3203,3623
3203,3653
3203,3705
3204,3442
3204,3497
3204,3628
3204,3632
3205,3451
3205,3605
3205,3674
3205,3692
3206,3370
3206,3376
3206,3565
3206,3590
3207,274
3207,1402
3207,1494
3207,1604
3208,120
3208,138
3208,1409
3208,1553
3209,17
3209,215
3209,1434
3209,1552
3210,97
3210,184
3210,1437
3210,1572
3211,210
3211,1473
3211,1500
3211,1559
3212,106
3212,255
3212,1513
3212,1575
3213,67
3213,1372
3213,1436
3213,1609
3214,102
3214,1526
3214,1601
3214,1666
3215,1382
3215,1388
3215,1510
3215,1636
3216,28
3216,1523
3216,1554
3216,1595
3217,4
3217,115
3217,1420
3217,1460
3218,71
3218,204
3218,1394
3218,1605
3219,81
3219,169
3219,1387
3219,1586
3220,132
3220,208
3220,1466
3220,1628
3221,192
3221,1529
3221,1598
3221,1633
3222,273
3222,1367
3222,1384
3222,1608
3223,13
3223,124
3223,163
3223,1438
3224,142
3224,1472
3224,1533
3224,1546
3225,65
3225,87
3225,1395
3225,1524
3226,45
3226,1424
3226,1468
3227,209
3227,1364
3227,1435
3227,1528
3228,1447
3228,1501
3228,1502
3228,1624
3229,5
3229,137
3229,1481
3229,1531
3230,95
3230,1514
3230,1520
3230,1653
3231,59
3231,246
3231,1401
3232,49
3232,105
3232,1467
3232,1568
3233,263
3233,272
3233,1462
3233,1499
3234,194
3234,1482
3234,1509
3234,1610
3235,149
3235,153
3235,1370
3235,1661
3236,180
3236,251
3236,1511
3236,1542
3237,51
3237,296
3237,1386
3237,1603
3238,20
3238,183
3238,275
3238,1548
3239,254
3239,1439
3239,1461
3239,1504
3240,181
3240,1497
3240,1562
3240,1626
3241,1444
3241,1512
3241,1547
3242,147
3242,261
3242,1404
3243,1565
3243,1570
3243,1612
3244,3
3244,196
3244,1581
3244,1644
3245,66
3245,1399
3245,1442
3245,1453
3246,88
3246,244
3246,1614
3246,1615
3247,2379
3247,2508
3248,2361
3248,2406
3249,2381
3249,2499
3250,2423
3250,2468
3251,2382
3251,2475
3252,2370
3252,2507
3253,2401
3253,2460
3254,2346
3254,2359
3255,2421
3255,2492
3256,2351
3256,2385
3257,2433
3257,2517
3258,2332
3258,2515
3259,2435
3259,2467
3260,2413
3260,2484
3261,2317
3261,2449
3262,2404
3262,2439
3263,2493
3263,2511
3264,2416
3264,2448
3265,2356
3265,2520
3266,2321
3266,2372
3267,2456
3267,2496
3268,2333
3268,2447
3269,2457
3269,2494
3270,2339
3270,2489
3271,2376
3271,2465
3272,2322
3272,2330
3273,2338
3273,2400
3274,2383
3274,2479
3275,2355
3275,2424
3276,2325
3276,2461
3277,2255
3277,2286
3278,2260
3278,2270
3279,2262
3279,2292
3280,2233
3280,2247
3280,2312
3281,2268
3281,2296
3282,2237
3282,2248
3283,2244
3283,2250
3284,2231
3284,2252
3284,2295
3285,2245
3285,2315
3286,2284
3286,2304
3287,1671
3287,1718
3287,1727
3288,1712
3288,1762
3288,1764
3289,1737
3289,1765
3290,1736
3290,1767
3291,1700
3291,1729
3291,1730
3291,1768
3292,1704
3292,1714
3292,1756
3293,1698
3293,1747
3294,1695
3294,1705
3294,1720
3295,1707
3295,1709
3295,1743
3295,1744
3296,4198
3296,4225
3296,4228
3296,4261
3297,4199
3297,4224
3297,4236
3297,4257
3298,4197
3298,4206
3298,4215
3298,4232
3298,4256
3298,4259
3299,4200
3299,4209
3299,4213
3299,4237
3299,4260
3299,4265
3300,4220
3300,4248
3300,4251
3300,4255
3300,4262
3301,4205
3301,4217
3301,4226
3301,4234
3301,4235
3301,4270
3302,4208
3302,4218
3302,4219
3302,4229
3302,4238
3303,4210
3303,4227
3303,4250
3303,4268
3303,4269
3304,4195
3304,4202
3304,4230
3304,4249
3304,4253
3305,4201
3305,4203
3305,4211
3305,4221
3305,4241
3305,4252
3306,2045
3306,2115
3306,2133
3306,2159
3306,2192
3307,2056
3307,2075
3307,2081
3307,2105
3307,2141
3308,2053
3308,2078
3308,2117
3308,2185
3308,2199
3309,2095
3309,2142
3309,2157
3309,2214
3309,4187
3309,4194
3310,2038
3310,2051
3310,2099
3310,2175
3310,2186
3311,2050
3311,2071
3311,2096
3311,2162
3311,2176
3311,2209
3312,2033
3312,2055
3312,2126
3312,2146
3312,2205
3313,2058
3313,2089
3313,2113
3313,2122
3313,2190
3313,4193
3314,2031
3314,2034
3314,2108
3314,2127
3314,2132
3314,2216
3315,2025
3315,2067
3315,2080
3315,2158
3315,2171
3315,4191
3316,2046
3316,2069
3316,2077
3316,2102
3316,2174
3316,2194
3317,2124
3317,2139
3317,2191
3317,2213
3317,4186
3317,4192
3318,2060
3318,2066
3318,2160
3318,2215
3318,4190
3319,2032
3319,2035
3319,2152
3319,2208
3319,4189
3320,2100
3320,2111
3320,2182
3320,2193
3320,4188
3321,322
3321,467
3321,471
3321,530
3322,419
3322,453
3322,544
3322,564
3323,368
3323,382
3323,394
3323,462
3324,351
3324,438
3324,468
3324,532
3325,340
3325,418
3325,459
3325,498
3326,366
3326,383
3326,428
3326,478
3327,370
3327,445
3327,536
3327,542
3328,336
3328,350
3328,504
3328,513
3329,320
3329,384
3329,525
3329,552
3330,325
3330,358
3330,460
3330,535
3331,355
3331,395
3331,425
3331,449
3332,348
3332,443
3332,512
3332,546
3333,431
3333,464
3333,473
3333,508
3334,333
3334,347
3334,472
3334,507
3335,409
3335,454
3335,492
3335,519
3336,1286
3336,1295
3336,1301
3336,1326
3337,1269
3337,1293
3337,1314
3337,1327
3338,1284
3338,1332
3338,1349
3339,1264
3339,1282
3339,1292
3339,1334
3340,1261
3340,1296
3340,1307
3340,1331
3341,1285
3341,1288
3341,1306
3341,1308
3342,1276
3342,1298
3342,1333
3342,1351
3343,1270
3343,1313
3343,1316
3344,1294
3344,1302
3344,1303
3344,1312
3345,1265
3345,1277
3345,1283
3345,1338
3346,565
3346,576
3346,590
3347,584
3347,618
3347,625
3348,569
3348,577
3348,611
3349,593
3349,604
3349,622
3350,599
3350,609
3350,619
3351,595
3351,597
3351,614
3352,570
3352,598
3352,613
3352,628
3353,4284
3353,4286
3354,4273
3354,4277
3355,4280
3355,4281
3356,4275
3357,4283
3357,4285
3358,4276
3359,4271
3359,4282
3360,4272
3360,4278
3361,4274
3361,4279
3362,4306
3362,4399
3363,4318
3363,4379
3364,4312
3364,4388
3365,4302
3365,4344
3366,4320
3366,4394
3367,4333
3367,4345
3368,4351
3368,4369
3369,4324
3369,4409
3370,4339
3370,4393
3371,4296
3371,4335
3372,4310
3372,4336
3373,4301
3373,4386
3374,4353
3374,4359
3375,4303
3375,4407
3376,4377
3376,4404
3377,5122
3377,5127
3378,5126
3378,5168
3379,5147
3379,5155
3380,5124
3380,5128
3380,5132
3381,5121
3381,5130
3381,5152
3382,5120
3382,5159
3383,5123
3383,5129
3383,5136
3384,5059
3384,5096
3385,5097
3386,5095
3387,5043
3387,5083
3388,5041
3388,5099
3389,5044
3390,5073
3390,5091
3391,5049
3391,5060
3392,5093
3393,5069
3394,5076
3395,5092
3395,5098
3396,5048
3396,5062
3397,567
3397,596
3397,5104
3397,5106
3398,571
3398,600
3398,5108
3398,5117
3399,579
3399,616
3399,5105
3399,5112
3400,574
3400,608
3400,5110
3400,5114
3401,582
3401,624
3401,5103
3401,5118
3402,3173
3402,3248
3402,3295
3403,3195
3403,3230
3403,3274
3404,3192
3404,3237
3404,3285
3405,3166
3405,3218
3405,3347
3406,3221
3406,3236
3406,3277
3407,3164
3407,3199
3407,3235
3408,3194
3408,3211
3408,3225
3409,3154
3409,3196
3409,3315
3410,3249
3410,3258
3410,3291
3411,3207
3411,3253
3411,3317
3412,3214
3412,3250
3412,3309
3413,3326
3413,3340
3413,3350
3414,3228
3414,3234
3414,3261
3415,3169
3415,3259
3415,3303
3416,3213
3416,3272
3416,3328
3417,3172
3417,3270
3417,3305
3418,3197
3418,3338
3418,3349
3419,3178
3419,3251
3419,3330
3420,3156
3420,3193
3420,3255
3421,3208
3421,3290
3421,3329
3501,3270
3501,3385
3502,3329
3502,3336
3503,3239
3503,3358
3504,3294
3504,3422
3505,3322
3505,3338
3506,1565
3506,3258
3507,3240
3507,3463
3508,3339
3508,3372
3509,3236
3509,3250
3510,3314
3510,3441
3511,3337
3511,3432
3512,3368
3512,3399
3513,3332
3513,3423
3514,3248
3514,3323
3515,3397
3515,3437
3516,1559
3516,3249
3517,1562
3517,3296
3518,3409
3518,3419
3519,3366
3519,3455
3520,3242
3520,3290
3521,3307
3521,3412
3522,3342
3522,3443
3523,3245
3523,3316
3524,3300
3524,3418
3525,3298
3525,3313
3526,3371
3526,3462
3527,3280
3527,3421
3528,3262
3528,3367
3529,3279
3529,3436
3530,3370
3530,3434
3531,466
3531,482
3532,369
3532,394
3532,431
3533,384
3533,423
3534,437
3534,518
3535,405
3535,483
3536,464
3536,500
3537,381
3537,438
3538,421
3538,489
3539,389
3539,472
3539,529
3540,340
3540,530
3541,461
3541,467
3542,435
3542,447
3543,387
3543,490
3544,370
3544,478
3545,459
3545,485
3545,513
3546,371
3546,453
3547,427
3547,507
3548,342
3548,354
3548,494
3549,385
3549,475
3550,417
3550,443
3551,403
3551,511
3552,413
3552,497
3552,502
3553,348
3553,419
3553,524
3554,393
3554,476
3555,346
3555,398
3556,445
3556,495
3557,457
3557,473
3558,395
3558,501
3558,515
3559,446
3559,525
3560,358
3560,367
3560,527
3561,2320
3561,2431
3561,2474
3562,2321
3562,2481
3562,2507
3563,2430
3563,2444
3563,2483
3564,2344
3564,2422
3564,2515
3565,2325
3565,2342
3565,2437
3566,2381
3566,2385
3567,2339
3567,2405
3567,2427
3568,2449
3568,2484
3569,2338
3569,2450
3569,2512
3570,2329
3570,2492
3570,2504
3571,2395
3571,2451
3571,2467
3572,2478
3572,2489
3573,2377
3573,2452
3574,2400
3574,2459
3574,2513
3575,2390
3575,2475
3575,2497
3576,2334
3576,2341
3576,2445
3577,2379
3577,2454
3578,2332
3578,2477
3578,2502
3579,2378
3579,2458
3580,2355
3580,2509
3581,2364
3581,2461
3582,2424
3582,2433
3583,2346
3583,2447
3583,2518
3584,2412
3584,2465
3585,2414
3585,2468
3586,2460
3586,2485
3587,2371
3587,2403
3587,2487
3588,2327
3588,2436
3588,2516
3589,2389
3589,2486
3589,2519
3590,2345
3590,2360
3590,2495
3591,1401
3591,1494
3592,1396
3592,1424
3593,1428
3593,1436
3593,1460
3594,1425
3594,1444
3594,1446
3595,1445
3595,1470
3595,1499
3596,1443
3596,1467
3597,1393
3597,1422
3598,1454
3598,1462
3599,1429
3599,1453
3600,1437
3600,1486
3601,1384
3601,1390
3602,1402
3602,1448
3602,1497
3603,1419
3603,1498
3604,1406
3604,1426
3605,1388
3605,1451
3606,1398
3606,1420
3607,1452
3607,1466
3607,1474
3608,1438
3608,1440
3609,1430
3609,1455
3610,1383
3610,1431
3610,1471
3611,1463
3611,1500
3612,3544
3612,3585
3612,3706
3613,3483
3613,3527
3613,3636
3614,3526
3614,3665
3614,3720
3615,3528
3615,3646
3615,3686
3616,3491
3616,3598
3617,3492
3617,3600
3618,3536
3618,3630
3618,3685
3619,3495
3619,3568
3619,3618
3620,3499
3620,3613
3620,3692
3621,3504
3621,3587
3621,3684
3622,3540
3622,3644
3622,3701
3623,3508
3623,3607
3624,3533
3624,3627
3624,3718
3625,3538
3625,3620
3625,3694
3626,3548
3626,3589
3626,3735
3627,3564
3627,3609
3627,3678
3628,3634
3628,3667
3628,3734
3629,3558
3629,3591
3629,3689
3630,3509
3630,3629
3630,3708
3631,3485
3631,3563
3631,3586
3632,3569
3632,3656
3632,3717
3633,3524
3633,3658
3633,3702
3634,3565
3634,3651
3635,3572
3635,3595
3635,3730
3636,3522
3636,3617
3636,3648
3637,3490
3637,3670
3637,3731
3638,3537
3638,3675
3638,3677
3639,3486
3639,3574
3639,3698
3640,3484
3640,3606
3640,3710
3641,3496
3641,3578
3641,3673
3642,3506
3642,3624
3642,3712
3643,3523
3643,3605
3643,3727
3644,3561
3644,3671
3645,3511
3645,3608
3645,3709
3646,3531
3646,3638
3647,3515
3647,3597
3647,3724
3648,3546
3648,3603
3648,3687
3649,3584
3649,3622
3649,3688
3650,3518
3650,3635
3651,3577
3651,3583
3651,3719
3652,1652
3653,1721
3653,1765
3654,1707
3655,1702
3656,1696
3656,1729
3657,1752
3657,1766
3658,1723
3658,1756
3659,1710
3660,1712
3660,1761
3661,1727
3662,1658
3662,1691
3663,1656
3664,1659
3665,1673
3665,1717
3666,1686
3666,1747
3667,1681
3667,1760
3668,1692
3668,1726
3669,1703
3669,1714
3670,1663
3670,1682
3671,1665
3672,1654
3672,1770
3673,1708
3673,1730
3674,1784
3674,1795
3675,1862
3675,2020
3676,1786
3676,1798
3677,1818
3677,1869
3678,1863
3678,1894
3679,1887
3679,2019
3680,1779
3680,1860
3681,1886
3681,1896
3682,1790
3682,1811
3683,1793
3683,1832
3684,1799
3684,1835
3685,1901
3685,1998
3686,1794
3686,1844
3687,1821
3687,1872
3688,1787
3688,1801
3689,1847
3689,2004
3690,1900
3690,2010
3691,1999
3691,2014
3692,1823
3692,1857
3693,1803
3693,1815
3694,1806
3694,1864
3695,1828
3695,1890
3696,1805
3696,1808
3697,1824
3697,1884
3698,1833
3698,1867
3699,1888
3699,2013
3700,1911
3700,2012
3701,1780
3702,1873
3702,2009
3703,1842
3703,1874
3704,1859
3704,1892
3705,1905
3706,1909
3706,1995
3707,1910
3707,2006
3708,1993
3708,2002
3709,1914
3709,2000
3710,1838
3710,2005
3711,1854
3711,1895
3712,3156
3713,3212
3713,3214
3714,3166
3715,3163
3715,3205
3716,3153
3717,3210
3718,3175
3719,3196
3720,3190
3720,3209
3721,3208
3722,3155
3723,3194
3724,3191
3725,3182
3725,3201
3726,3176
3727,3168
3728,3171
3728,3181
3729,1361
3729,1364
3730,1375
3730,1534
3731,1365
3732,1367
3733,1369
3733,1380
3734,1372
3734,1513
3734,1521
3734,1524
3735,1377
3735,1530
3736,1376
3736,1529
3737,1515
3737,1517
3737,1535
3738,1379
3738,1532
3739,1373
3739,1514
3739,1522
3740,1556
3741,1554
3742,1552
3743,1551
3744,1553
3744,1555
3745,1922
3745,1954
3745,1957
3746,1936
3746,1961
3746,1965
3747,1946
3747,1963
3747,1964
3748,1937
3748,1938
3748,1971
3749,1924
3749,1968
3749,1980
3750,1923
3750,1950
3750,1990
3751,1575
3751,1608
3752,1579
3752,1634
3753,1614
3753,1647
3754,1581
3754,1640
3755,1578
3756,1576
3756,1644
3757,1637
3757,1638
3758,1587
3758,1620
3759,1603
3759,1607
3760,1626
3761,2228
3761,2254
3761,2273
3762,2240
3762,2255
3763,2227
3763,2261
3763,2264
3764,2225
3764,2253
3764,2274
3765,2245
3765,2247
3766,2243
3766,2260
3766,2266
3767,2256
3767,2263
3768,2284
3768,2293
3769,2286
3769,2307
3770,2280
3770,2310
3771,2278
3771,2295
3772,2288
3772,2305
3773,2276
3773,2300
3774,2291
3774,2311
3775,3756
3775,3809
3776,3816
3777,3790
3778,3794
3779,3772
3780,3777
3781,3768
3782,3748
3783,3760
3784,3737
3785,3786
3786,3779
3786,3795
3787,3743
3787,3805
3788,3740
3788,3793
3789,3782
3790,3797
3791,3761
3792,3788
3793,35
3793,37
3794,2
3794,12
3795,44
3795,1506
3796,28
3796,30
3797,46
3797,1502
3798,19
3798,43
3798,1511
3799,10
3799,36
3799,38
3800,5
3800,27
3800,1510
3801,13
3801,15
3802,21
3802,32
3803,7
3803,17
3804,40
3804,1507
3805,1356
3805,1357
3806,1291
3807,1281
3808,1321
3808,1341
3809,1307
3809,1360
3810,1276
3811,1325
3812,1265
3812,1349
3813,1330
3814,1343
3815,1264
3815,1302
3816,1286
3817,1269
3818,1306
3818,1340
3819,1294
3819,1342
3820,60
3820,118
3820,1509
3821,96
3821,130
3821,1508
3822,53
3822,75
3823,58
3823,1501
3824,55
3824,84
3825,92
3825,119
3826,114
3826,139
3826,1505
3827,111
3827,126
3827,1504
3828,125
3828,1503
3829,63
3829,76
3829,150
3830,100
3830,135
3831,79
3831,124
3832,121
3832,145
3832,1512
3833,99
3833,108
3834,180
3834,229
3835,171
3835,194
3836,163
3836,190
3836,216
3837,160
3837,195
3838,191
3838,201
3838,209
3839,184
3839,204
3840,199
3840,224
3841,172
3841,177
3841,228
3842,155
3842,200
3842,220
3843,154
3843,173
3843,206
3844,161
3844,198
3844,225
3845,1537
3845,1546
3846,1536
3846,1541
3847,1539
3847,1550
3848,1544
3848,1548
3849,1540
3849,1542
3850,236
3851,234
3851,302
3852,241
3852,305
3853,240
3853,303
3854,235
3854,239
3855,252
3855,308
3856,246
3856,251
3857,248
3857,306
3858,249
3859,250
3859,310
3860,259
3860,313
3861,260
3861,265
3861,315
3862,257
3862,312
3863,261
3863,262
3864,270
3864,278
3865,274
3865,319
3865,320
3866,272
3866,276
3867,271
3867,318
3868,279
3868,289
3869,280
3869,321
3870,281
3870,322
3871,283
3871,324
3872,285
3873,297
3873,300
3873,327
3874,292
3874,326
3875,291
3875,298
3875,328
3875,329
